[{"E:\\FrontEnd\\MyAngularJS\\test\\hello_spec.js": "ASCII"}, {"E:\\FrontEnd\\source_code\\build-your-own-angularjs-chapter0-project-setup\\test\\angular_public_spec.js": "ASCII"}, {"E:\\FrontEnd\\source_code\\build-your-own-angularjs-chapter0-project-setup\\src\\scope.js": "ASCII"}, {"E:\\FrontEnd\\MyAngularJS\\.gitignore": "ASCII"}, {"E:\\DevloperTools\\Sublime\\Data\\Packages\\User\\Preferences.sublime-settings": "ASCII"}, {"E:\\FrontEnd\\MyAngularJS\\.jshintrc": "ASCII"}, {"E:\\Matlab\\Microwave\\diplexer_git\\diplexer\\b.txt": "ASCII"}, {"E:\\Matlab\\Microwave\\diplexer_git\\diplexer\\K_rx.txt": "ASCII"}, {"E:\\Matlab\\Microwave\\diplexer_git\\diplexer\\f_dig_rx.txt": "ASCII"}, {"E:\\Matlab\\Microwave\\Multiplexer\\multiplexer.m": "GB2312"}, {"E:\\Matlab\\Microwave\\diplexer\\diplexer.m": "GB2312"}, {"E:\\Matlab\\Microwave\\coup_matr5.m": "GB2312"}, {"E:\\Python\\learn\\post_weibo.py": "UTF-8"}, {"E:\\Python\\learn\\example1.py": "UTF-8"}, {"E:\\Python\\Crawler\\Crawler.py": "UTF-8"}, {"E:\\Python\\Test\\openAPI.py": "UTF-8"}, {"C:\\Users\\zhd\\.ssh\\id_rsa.pub": "ASCII"}, {"E:\\DevloperTools\\ShadowSocks\\pac.txt": "ASCII"}, {"E:\\FrontEnd\\MyAngularJS\\karma.conf.js": "UTF-8"}, {"E:\\FrontEnd\\MyAngularJS\\package.json": "ASCII"}, {"E:\\FrontEnd\\MyAngularJS\\src\\hello.js": "ASCII"}, {"E:\\FrontEnd\\MyAngularJS\\README.md": "UTF-8"}, {"E:\\FrontEnd\\MyAngularJS\\node_modules\\lodash\\fp\\indexBy.js": "ASCII"}, {"E:\\FrontEnd\\MyAngularJS\\node_modules\\lodash\\index.js": "ASCII"}, {"E:\\FrontEnd\\MyAngularJS\\node_modules\\testem\\lib\\api.js": "ASCII"}, {"E:\\FrontEnd\\MyAngularJS\\node_modules\\testem\\lib\\browser_launcher.js": "ASCII"}, {"E:\\FrontEnd\\MyAngularJS\\Gruntfile.js": "ASCII"}, {"E:\\FrontEnd\\myangular\\package.json": "ASCII"}, {"E:\\FrontEnd\\myangular\\Gruntfile.js": "ASCII"}, {"E:\\FrontEnd\\myangular\\src\\hello.js": "ASCII"}, {"E:\\FrontEnd\\build_my_angularjs\\first.css": "ASCII"}, {"E:\\DevloperTools\\tool_setting\\README.md": "ASCII"}, {"E:\\FrontEnd\\build_my_angularjs\\test.js": "UTF-8"}, {"E:\\DevloperTools\\Sublime\\Data\\Packages\\HTML-CSS-JS Prettify\\.jsbeautifyrc": "ASCII"}, {"E:\\DevloperTools\\Sublime\\Data\\Packages\\User\\Default (Windows).sublime-keymap": "ASCII"}, {"E:\\DevloperTools\\Sublime\\Data\\Packages\\HTML-CSS-JS Prettify\\HTMLPrettify.sublime-settings": "ASCII"}, {"E:\\DevloperTools\\Sublime\\Data\\Packages\\ConvertToUTF8\\ConvertToUTF8.sublime-settings": "ASCII"}, {"E:\\DevloperTools\\Sublime\\Data\\Packages\\SublimeLinter\\SublimeLinter.sublime-settings": "ASCII"}, {"E:\\Python\\learn\\example2.py": "ASCII"}, {"E:\\DevloperTools\\Sublime\\Data\\Packages\\Terminal\\Terminal.sublime-settings": "ASCII"}, {"E:\\DevloperTools\\Sublime\\Data\\Packages\\User\\Terminal.sublime-settings": "ASCII"}, {"E:\\DevloperTools\\Sublime\\Data\\Packages\\Terminal\\Default (Windows).sublime-keymap": "ASCII"}, {"E:\\Python\\learn\\example3.py": "UTF-8"}, {"G:\\Fragment\\idea.txt": "UTF-8"}, {"E:\\Python\\learn\\my_coroutine.py": "UTF-8"}, {"E:\\Python\\learn\\process\\lock_thread.py": "UTF-8"}, {"E:\\Python\\learn\\test_async_io.py": "ASCII"}, {"E:\\Python\\learn\\save&load.py": "ASCII"}, {"E:\\Python\\learn\\error.py": "ASCII"}, {"E:\\Python\\learn\\class_metaclass.py": "ASCII"}, {"E:\\Python\\learn\\class_enum.py": "ASCII"}, {"E:\\Python\\learn\\class_view.py": "GBK"}, {"E:\\Python\\learn\\my_module.py": "ASCII"}, {"E:\\Python\\learn\\filter.py": "GBK"}, {"E:\\Python\\learn\\example4.py": "UTF-8"}, {"E:\\Python\\learn\\my_decorator.py": "UTF-8"}, {"F:\\HFSS_projects\\Calculate.py": "UTF-8"}, {"E:\\Python\\learn\\test.py": "ASCII"}, {"E:\\Python\\learn\\map.py": "ASCII"}, {"E:\\Python\\PSO\\test.py": "ASCII"}, {"E:\\Python\\PSO\\auxiliary_func.py": "ASCII"}, {"G:\\Fragment\\things\\pyplot_formatstr.py": "ASCII"}, {"E:\\Python\\genetic_algorithm\\test.py": "ASCII"}, {"F:\\Matlab\\diplexer\\test1.m": "ASCII"}, {"E:\\Python\\Multiplexer\\cal_k01.py": "UTF-8"}, {"E:\\Python\\Statics\\statics.py": "ASCII"}, {"E:\\Python\\genetic_algorithm\\cal_P.py": "UTF-8"}, {"E:\\Python\\Multiplexer\\03.12_k01_fe_fm\\fe1.csv": "ASCII"}, {"E:\\Python\\learn\\list_generate.py": "UTF-8"}, {"E:\\Python\\learn\\example5.py": "UTF-8"}, {"F:\\Master\\lab_data\\Chapter5_diplexer\\multilexer.txt": "ASCII"}, {"F:\\Master\\lab_data\\real_data\\fixed\\ADS_diplexer.txt": "ASCII"}, {"F:\\Master\\\u56db\u5de5\u5668\u8bbe\u8ba1\\5630MHz.txt.dump": "UTF-8"}, {"F:\\HFSS_projects\\triplexer\\\u4e09\u5de5\u5668\uff0c\u5e26\u5bbd\u4e3a70MHz": "UTF-8"}, {"F:\\Master\\lab_data\\Chapter5_diplexer\\fixed_S.txt": "ASCII"}, {"F:\\Master\\lab_data\\Chapter5_diplexer\\common_diplexer.txt": "ASCII"}, {"F:\\Master\\lab_data\\Chapter5_diplexer\\direct_two_filter.txt": "ASCII"}, {"F:\\HFSS_projects\\triplexer\\\u4e09\u5de5\u5668.txt": "UTF-8"}, {"E:\\Python\\Statics\\return_test.py": "UTF-8"}, {"G:\\Fragment\\temp.txt": "UTF-8"}, {"F:\\Master\\lab_data\\direct_diplexer.txt": "ASCII"}, {"F:\\Master\\lab_data\\diplexer.txt": "ASCII"}, {"F:\\lab_data\\direct_diplexer.txt": "ASCII"}, {"G:\\Fragment\\cavity\\5790\\\u56db\u5de5\u5668\u53c2\u6570.txt": "UTF-8"}, {"F:\\HFSS_projects\\Resonating_junction\\diplexer\\\u53cc\u5de5\u5668\u53c2\u6570.txt": "UTF-8"}, {"F:\\Master\\\u56db\u5de5\u5668\u8bbe\u8ba1\\5550MHz.txt": "UTF-8"}, {"F:\\Matlab\\coup_matr5.m.dump": "UTF-8"}, {"E:\\Python\\Multiplexer\\k01_fe_fm\\fe2.txt": "ASCII"}, {"E:\\Python\\Multiplexer\\k01_fe_fm\\fe2.dat": "ASCII"}, {"F:\\Master\\\u56db\u5de5\u5668\u8bbe\u8ba1\\5790Mhz.txt": "UTF-8"}, {"F:\\HFSS_projects\\Resonating_junction\\Multiplexer.txt": "UTF-8"}, {"F:\\HFSS_projects\\Master2\\5710MHz\\5710Mhz.txt": "ASCII"}, {"F:\\Matlab\\backup_diplexer.matlab": "UTF-8"}, {"F:\\HFSS_projects\\idea.txt": "UTF-8"}, {"F:\\Matlab\\backup.matlab": "UTF-8"}, {"D:\\Programs\\Matlab\\toolbox\\local\\matlabrc.m": "ASCII"}, {"F:\\Matlab\\test.m": "ASCII"}, {"F:\\Matlab\\couple_matrix.m": "ASCII"}, {"F:\\HFSS_projects\\Master2\\5630MHz\\5630MHz.txt.dump": "UTF-8"}, {"G:\\Fragment\\bug.txt": "ASCII"}]