[{"E:\\FrontEnd\\React\\webapp\\app\\components\\immutable_obejct.js": "ASCII"}, {"E:\\FrontEnd\\React\\learn\\test.jsx": "ASCII"}, {"E:\\FrontEnd\\React\\webapp\\package.json": "ASCII"}, {"E:\\FrontEnd\\React\\learn\\composition.jsx": "ASCII"}, {"E:\\FrontEnd\\React\\webapp\\app\\components\\App.css": "ASCII"}, {"E:\\FrontEnd\\React\\webapp\\app\\main.js": "ASCII"}, {"E:\\FrontEnd\\React\\webapp\\app\\components\\App.js": "ASCII"}, {"E:\\FrontEnd\\React\\webapp\\app\\index.html": "ASCII"}, {"E:\\FrontEnd\\React\\webapp\\webpack.config.js": "ASCII"}, {"E:\\FrontEnd\\React\\webapp\\.jshintrc": "ASCII"}, {"E:\\FrontEnd\\React\\webapp\\.jshintignore": "ASCII"}, {"E:\\FrontEnd\\React\\webapp\\.eslintrc": "ASCII"}, {"E:\\FrontEnd\\baidu_ife\\baidu_ife\\pic_crop\\tsconfig.json": "ASCII"}, {"E:\\FrontEnd\\React\\webapp\\.gitignore": "ASCII"}, {"E:\\FrontEnd\\React\\react_webstorm\\.gitignore": "ASCII"}, {"E:\\FrontEnd\\React\\react2\\.gitignore": "ASCII"}, {"E:\\FrontEnd\\React\\webapp\\README.md": "ASCII"}, {"E:\\FrontEnd\\React\\webapp\\yarn.lock": "ASCII"}, {"E:\\FrontEnd\\React\\webapp\\webpack.production.config.js": "ASCII"}, {"E:\\FrontEnd\\React\\webapp\\CHANGELOG.md": "ASCII"}, {"E:\\FrontEnd\\React\\react2\\package.json": "ASCII"}, {"E:\\FrontEnd\\React\\learn\\product.jsx": "UTF-8"}, {"E:\\FrontEnd\\React\\learn\\handling_events.js": "UTF-8"}, {"E:\\DevloperTools\\Sublime\\Data\\Packages\\Babel\\Babel.sublime-settings": "ASCII"}, {"E:\\FrontEnd\\React\\learn\\hello.jsx": "ASCII"}, {"E:\\FrontEnd\\React\\learn\\hello.html": "ASCII"}, {"E:\\DevloperTools\\Sublime\\Data\\Packages\\Terminal\\Default (Windows).sublime-keymap": "ASCII"}, {"E:\\FrontEnd\\React\\hello.html": "ASCII"}, {"E:\\FrontEnd\\TypeScript\\greeter.js": "ASCII"}, {"E:\\FrontEnd\\TypeScript\\greeter.ts": "ASCII"}, {"E:\\FrontEnd\\baidu_ife\\baidu_ife\\css3_loading\\index.html": "UTF-8"}, {"E:\\FrontEnd\\baidu_ife\\baidu_ife\\css3_loading\\style.css": "UTF-8"}, {"E:\\FrontEnd\\baidu_ife\\baidu_ife\\pic_crop\\dist\\my_cropper.js": "ASCII"}, {"E:\\FrontEnd\\baidu_ife\\baidu_ife\\pic_crop\\dist\\main.js": "ASCII"}, {"E:\\FrontEnd\\baidu_ife\\baidu_ife\\pic_crop\\gulpfile.js": "ASCII"}, {"E:\\FrontEnd\\dingjs_ife\\ife\\.gitignore": "ASCII"}, {"E:\\FrontEnd\\baidu_ife\\.gitignore": "ASCII"}, {"E:\\FrontEnd\\dingjs_ife\\ife\\src\\pages\\cropper\\index.ts": "UTF-8"}, {"E:\\FrontEnd\\dingjs_ife\\ife\\tsconfig.json": "ASCII"}, {"E:\\FrontEnd\\baidu_ife\\baidu_ife\\pic_crop\\src\\my_cropper.ts": "ASCII"}, {"E:\\FrontEnd\\dingjs_ife\\ife\\src\\pages\\cropper\\cropper.ts": "UTF-8"}, {"E:\\DevloperTools\\Sublime\\Data\\Packages\\HTML-CSS-JS Prettify\\HTMLPrettify.sublime-settings": "ASCII"}, {"E:\\DevloperTools\\Sublime\\Data\\Packages\\TypeScript\\TypeScript.sublime-settings": "ASCII"}, {"E:\\DevloperTools\\Sublime\\Data\\Packages\\TypeScript\\TypeScriptReact.sublime-settings": "ASCII"}, {"E:\\DevloperTools\\Sublime\\Data\\Packages\\HTML-CSS-JS Prettify\\.jsbeautifyrc": "ASCII"}, {"E:\\FrontEnd\\dingjs_ife\\ife\\config\\index.js": "ASCII"}, {"E:\\FrontEnd\\baidu_ife\\baidu_ife\\pic_crop\\typings\\index.d.ts": "ASCII"}, {"E:\\FrontEnd\\dingjs_ife\\ife\\package.json": "ASCII"}, {"E:\\FrontEnd\\dingjs_ife\\ife\\tslint.json": "ASCII"}, {"E:\\FrontEnd\\dingjs_ife\\ife\\typings\\index.d.ts": "ASCII"}, {"E:\\FrontEnd\\baidu_ife\\baidu_ife\\pic_crop\\src\\main.ts": "ASCII"}, {"E:\\FrontEnd\\baidu_ife\\baidu_ife\\pic_crop\\package.json": "ASCII"}, {"E:\\FrontEnd\\dingjs_ife\\ife\\src\\pages\\cropper\\index.scss": "ASCII"}, {"E:\\FrontEnd\\baidu_ife\\baidu_ife\\pic_crop\\dist\\bundle.js": "ASCII"}, {"E:\\FrontEnd\\dingjs_ife\\ife\\.editorconfig": "ASCII"}, {"E:\\FrontEnd\\dingjs_ife\\ife\\config\\webpack.prod.js": "ASCII"}, {"E:\\FrontEnd\\dingjs_ife\\ife\\config\\webpack.dev.js": "ASCII"}, {"E:\\FrontEnd\\baidu_ife\\baidu_ife\\pic_crop\\old\\main.ts": "ASCII"}, {"E:\\FrontEnd\\baidu_ife\\baidu_ife\\pic_crop\\old\\my_control.js": "ASCII"}, {"E:\\FrontEnd\\baidu_ife\\baidu_ife\\pic_crop\\proj\\tsconfig.json": "ASCII"}, {"E:\\FrontEnd\\baidu_ife\\baidu_ife\\pic_crop\\proj\\src\\index.tsx": "ASCII"}, {"E:\\FrontEnd\\baidu_ife\\baidu_ife\\pic_crop\\proj\\dist\\bundle.js": "ASCII"}, {"E:\\FrontEnd\\baidu_ife\\baidu_ife\\pic_crop\\proj\\package.json": "ASCII"}, {"E:\\FrontEnd\\baidu_ife\\baidu_ife\\pic_crop\\proj\\src\\components\\my_cropper.ts": "ASCII"}, {"E:\\FrontEnd\\baidu_ife\\baidu_ife\\pic_crop\\proj\\src\\my_control.ts": "ASCII"}, {"E:\\FrontEnd\\baidu_ife\\baidu_ife\\pic_crop\\my_control.js": "ASCII"}, {"E:\\FrontEnd\\dingjs_ife\\ife\\src\\components\\layout\\main.pug": "ASCII"}, {"E:\\FrontEnd\\dingjs_ife\\ife\\src\\components\\global\\index.ts": "ASCII"}, {"E:\\FrontEnd\\dingjs_ife\\ife\\src\\components\\global\\index.scss": "ASCII"}, {"E:\\FrontEnd\\baidu_ife\\baidu_ife\\pic_crop\\my_control.ts": "ASCII"}, {"E:\\FrontEnd\\baidu_ife\\baidu_ife\\pic_crop\\my_cropper.ts": "ASCII"}, {"E:\\FrontEnd\\baidu_ife\\baidu_ife\\pic_crop\\my_cropper.js": "ASCII"}, {"E:\\FrontEnd\\baidu_ife\\baidu_ife\\pic_crop\\index.css": "ASCII"}, {"E:\\FrontEnd\\baidu_ife\\baidu_ife\\pic_crop\\use_ts\\index.ts": "ASCII"}, {"E:\\FrontEnd\\dingjs_ife\\ife\\src\\components\\utils\\index.ts": "ASCII"}, {"E:\\FrontEnd\\dingjs_ife\\ife\\src\\components\\toast\\index.ts": "ASCII"}, {"E:\\DevloperTools\\Sublime\\Data\\Packages\\TypeScript\\Preferences.sublime-settings": "ASCII"}, {"E:\\FrontEnd\\baidu_ife\\baidu_ife\\pic_crop\\intl_aliyun.js": "ASCII"}, {"E:\\FrontEnd\\dingjs_ife\\ife\\src\\pages\\colorpicker\\index.scss": "ASCII"}, {"E:\\FrontEnd\\dingjs_ife\\ife\\src\\pages\\colorpicker\\index.pug": "ASCII"}, {"E:\\FrontEnd\\dingjs_ife\\ife\\src\\pages\\colorpicker\\colorpicker.ts": "ASCII"}, {"E:\\FrontEnd\\dingjs_ife\\ife\\src\\components\\toast\\index.scss": "ASCII"}, {"E:\\FrontEnd\\dingjs_ife\\ife\\npm-debug.log": "ASCII"}, {"E:\\FrontEnd\\dingjs_ife\\ife\\LICENSE": "ASCII"}, {"E:\\FrontEnd\\Vue\\start\\v-for.html": "ASCII"}, {"E:\\FrontEnd\\Vue\\start\\index.html": "ASCII"}, {"E:\\FrontEnd\\Vue\\start\\learn_slot.html": "ASCII"}, {"E:\\FrontEnd\\Vue\\start\\index2.html": "ASCII"}, {"E:\\FrontEnd\\Vue\\start\\styleBinding.html": "ASCII"}, {"E:\\FrontEnd\\Vue\\start\\vue_instance.html": "ASCII"}, {"E:\\FrontEnd\\Vue\\start\\template.html": "ASCII"}, {"E:\\FrontEnd\\Vue\\start\\temp.html": "ASCII"}, {"E:\\FrontEnd\\Vue\\vue_v2.3.4.js": "ASCII"}, {"E:\\FrontEnd\\ltaoo_ife\\ife\\uiComponents\\task03\\.eslintrc": "ASCII"}, {"E:\\FrontEnd\\baidu_ife\\frontend_challenge\\frontend_challenge_6.js": "GB2312"}, {"E:\\FrontEnd\\baidu_ife\\jQuery\\jQuery_2.0.3.js": "ASCII"}, {"E:\\DevloperTools\\Sublime\\Data\\Packages\\User\\Default (Windows).sublime-keymap": "ASCII"}, {"E:\\FrontEnd\\baidu_ife\\baidu_ife\\.eslintrc": "ASCII"}, {"E:\\FrontEnd\\ltaoo_ife\\ife\\uiComponents\\task03\\views\\index.html": "UTF-8"}, {"E:\\DevloperTools\\Sublime\\Data\\Packages\\User\\SublimeLinter.sublime-settings": "UTF-8"}]